open_time,open,high,low,close,volume,close_time,quote_asset_volume,number_of_trades,taker_buy_base_asset_volume,taker_buy_quote_asset_volume,ignore
2025-03-19 08:00:00,2.0,2.035,1.358,1.8543,6691407.2,2025-03-19 08:14:59.999,12045340.46158,69773,3413049.4,6164070.05771,0
2025-03-19 08:15:00,1.8562,1.9038,1.76,1.7649,3474919.2,2025-03-19 08:29:59.999,6297980.7892,53335,1537279.3,2791844.59419,0
2025-03-19 08:30:00,1.7649,1.8642,1.75,1.8211,2222940.4,2025-03-19 08:44:59.999,4010559.20813,41295,1211809.0,2188781.9288,0
2025-03-19 08:45:00,1.8221,1.8595,1.7743,1.82,1237661.7,2025-03-19 08:59:59.999,2258396.1462,22941,635299.1,1160491.69207,0
2025-03-19 09:00:00,1.8187,1.8666,1.782,1.8132,836766.8,2025-03-19 09:14:59.999,1521747.28125,18029,464853.1,845823.20698,0
2025-03-19 09:15:00,1.8131,1.8465,1.7957,1.8201,777093.6,2025-03-19 09:29:59.999,1413110.03712,14290,406939.5,740339.12802,0
2025-03-19 09:30:00,1.8228,1.83,1.7715,1.7869,886011.5,2025-03-19 09:44:59.999,1598404.88718,14778,374384.2,676977.83093,0
2025-03-19 09:45:00,1.7846,1.8329,1.73,1.7935,2147018.1,2025-03-19 09:59:59.999,3808519.70715,40232,1026889.8,1825753.67107,0
2025-03-19 10:00:00,1.7936,1.89,1.7835,1.7876,2016721.6,2025-03-19 10:14:59.999,3719024.75377,37885,1032612.1,1906642.83544,0
2025-03-19 10:15:00,1.7876,1.8335,1.7546,1.7873,1360186.5,2025-03-19 10:29:59.999,2439871.01353,25597,669213.8,1200442.15396,0
2025-03-19 10:30:00,1.7886,1.8597,1.7761,1.8158,1396525.8,2025-03-19 10:44:59.999,2533804.97588,24717,742540.6,1348346.85368,0
2025-03-19 10:45:00,1.8148,1.8476,1.8057,1.8079,882350.0,2025-03-19 10:59:59.999,1611520.06648,17824,430592.4,786593.39241,0
2025-03-19 11:00:00,1.808,1.8389,1.7918,1.8126,917473.0,2025-03-19 11:14:59.999,1665194.73918,20996,486089.0,882393.65547,0
2025-03-19 11:15:00,1.8125,1.8319,1.757,1.8291,1262538.6,2025-03-19 11:29:59.999,2273409.13291,19433,584938.9,1054146.15113,0
2025-03-19 11:30:00,1.8292,1.8292,1.7781,1.7985,1030908.5,2025-03-19 11:44:59.999,1856043.14193,18505,500336.3,900960.57065,0
2025-03-19 11:45:00,1.7981,1.807,1.602,1.6352,3668282.9,2025-03-19 11:59:59.999,6191806.13568,48594,1694452.5,2858012.36416,0
2025-03-19 12:00:00,1.636,1.654,1.55,1.5859,5244432.1,2025-03-19 12:14:59.999,8376838.81212,51821,2701562.0,4314865.11231,0
2025-03-19 12:15:00,1.5845,1.7109,1.56,1.5749,4710415.1,2025-03-19 12:29:59.999,7629439.44301,49459,2394161.0,3879567.99438,0
2025-03-19 12:30:00,1.5748,1.7006,1.5301,1.664,5479667.1,2025-03-19 12:44:59.999,8875365.10944,57019,2946442.2,4777303.76301,0
2025-03-19 12:45:00,1.6624,1.687,1.591,1.602,1992648.3,2025-03-19 12:59:59.999,3262945.12288,34055,936555.6,1535239.83175,0
2025-03-19 13:00:00,1.6018,1.655,1.534,1.5422,3048631.5,2025-03-19 13:14:59.999,4813287.31408,41317,1489051.0,2352285.48619,0
2025-03-19 13:15:00,1.5424,1.621,1.5252,1.536,3192211.7,2025-03-19 13:29:59.999,5009047.91698,44470,1636817.7,2572133.49368,0
2025-03-19 13:30:00,1.5363,1.8545,1.475,1.8078,9740498.5,2025-03-19 13:44:59.999,15893861.7697,82358,5277234.3,8633766.22506,0
2025-03-19 13:45:00,1.8077,1.8999,1.7325,1.8042,6838407.6,2025-03-19 13:59:59.999,12331185.74918,78155,3435125.3,6200068.88742,0
2025-03-19 14:00:00,1.8022,1.887,1.755,1.7843,4048338.1,2025-03-19 14:14:59.999,7319362.60497,60089,1994287.9,3609098.71968,0
2025-03-19 14:15:00,1.7839,1.8111,1.7539,1.7821,2135617.7,2025-03-19 14:29:59.999,3803890.30022,39235,1071727.3,1910217.41815,0
2025-03-19 14:30:00,1.784,1.8088,1.7341,1.7694,2447178.1,2025-03-19 14:44:59.999,4326816.40049,40162,1223400.4,2164379.50131,0
2025-03-19 14:45:00,1.7711,1.795,1.7343,1.7491,1523632.3,2025-03-19 14:59:59.999,2680810.47238,27279,733031.4,1290716.45146,0
2025-03-19 15:00:00,1.7484,1.7907,1.7186,1.7862,2005747.1,2025-03-19 15:14:59.999,3527715.12839,33160,1073461.2,1889439.46508,0
2025-03-19 15:15:00,1.7865,1.8759,1.7818,1.8427,3472380.0,2025-03-19 15:29:59.999,6379914.24901,46930,1852283.2,3404046.56693,0
2025-03-19 15:30:00,1.842,1.8588,1.79,1.8232,1591430.9,2025-03-19 15:44:59.999,2894579.81834,25047,787584.6,1433429.94224,0
2025-03-19 15:45:00,1.8232,1.9,1.8,1.8174,2720548.9,2025-03-19 15:59:59.999,4988541.51213,34235,1432829.9,2632346.83472,0
2025-03-19 16:00:00,1.8158,1.829,1.7798,1.8042,1719221.5,2025-03-19 16:14:59.999,3104383.10322,23550,752537.9,1360171.21453,0
2025-03-19 16:15:00,1.8045,1.8373,1.78,1.8278,1072919.5,2025-03-19 16:29:59.999,1932772.97876,17740,575008.4,1035927.00482,0
2025-03-19 16:30:00,1.8274,1.8284,1.7882,1.7924,811458.7,2025-03-19 16:44:59.999,1465807.83847,15365,395534.3,714700.89391,0
2025-03-19 16:45:00,1.7925,1.82,1.7633,1.7911,1125718.9,2025-03-19 16:59:59.999,2013652.21662,18973,574606.1,1028629.0771,0
2025-03-19 17:00:00,1.7909,1.7909,1.7564,1.7752,916419.0,2025-03-19 17:14:59.999,1629642.18005,13363,450112.8,800620.08194,0
2025-03-19 17:15:00,1.7761,1.789,1.7622,1.7705,565456.5,2025-03-19 17:29:59.999,1004865.21748,8976,278484.5,494918.24486,0
2025-03-19 17:30:00,1.7711,1.7873,1.7547,1.7744,769550.7,2025-03-19 17:44:59.999,1364012.66513,11517,406447.3,720559.60945,0
2025-03-19 17:45:00,1.7752,1.7967,1.7708,1.7953,584393.5,2025-03-19 17:59:59.999,1044827.40735,9161,310669.8,555489.80948,0
2025-03-19 18:00:00,1.7954,1.7967,1.7777,1.7887,916082.9,2025-03-19 18:14:59.999,1639168.52784,11705,466007.0,834316.61731,0
2025-03-19 18:15:00,1.7896,1.7967,1.7472,1.7683,753118.5,2025-03-19 18:29:59.999,1334131.32933,11396,361868.7,641417.20861,0
2025-03-19 18:30:00,1.7677,1.7788,1.748,1.7616,475174.6,2025-03-19 18:44:59.999,838228.14005,7817,246359.2,434805.37078,0
2025-03-19 18:45:00,1.7615,1.8358,1.7604,1.8038,913466.9,2025-03-19 18:59:59.999,1639901.78851,14727,531654.0,954383.92484,0
2025-03-19 19:00:00,1.8035,1.8189,1.7758,1.7955,573692.7,2025-03-19 19:14:59.999,1026394.2137,10118,283402.0,507053.2567,0
2025-03-19 19:15:00,1.7957,1.7959,1.7535,1.7667,481938.4,2025-03-19 19:29:59.999,854778.0232,8705,217699.1,386232.03676,0
2025-03-19 19:30:00,1.7675,1.7743,1.73,1.7616,904220.2,2025-03-19 19:44:59.999,1584732.51757,13337,452510.2,793948.54235,0
2025-03-19 19:45:00,1.7607,1.77,1.7565,1.7632,332114.3,2025-03-19 19:59:59.999,585701.33382,5150,180792.7,318950.24946,0
2025-03-19 20:00:00,1.7642,1.7695,1.7402,1.7603,412481.0,2025-03-19 20:14:59.999,724514.95893,7535,240793.7,423053.56034,0
2025-03-19 20:15:00,1.7604,1.7643,1.6466,1.6883,1483502.4,2025-03-19 20:29:59.999,2517608.24626,19282,652147.0,1105614.30796,0
2025-03-19 20:30:00,1.6883,1.7083,1.5945,1.6051,2370525.6,2025-03-19 20:44:59.999,3874577.78019,31695,1107443.7,1810327.22299,0
2025-03-19 20:45:00,1.6059,1.6299,1.585,1.619,900514.1,2025-03-19 20:59:59.999,1453620.62393,14896,476902.6,770024.01516,0
2025-03-19 21:00:00,1.62,1.6349,1.5717,1.5789,1124486.8,2025-03-19 21:14:59.999,1798861.51573,19679,555330.0,888624.96175,0
2025-03-19 21:15:00,1.579,1.606,1.552,1.5923,1300718.8,2025-03-19 21:29:59.999,2051116.82619,21575,646127.2,1019903.22672,0
2025-03-19 21:30:00,1.5918,1.603,1.5731,1.5894,883381.6,2025-03-19 21:44:59.999,1403382.21477,12470,422490.9,671655.89022,0
2025-03-19 21:45:00,1.5899,1.605,1.585,1.6017,413920.0,2025-03-19 21:59:59.999,660244.45715,5680,239402.7,382026.79759,0
2025-03-19 22:00:00,1.6018,1.6239,1.597,1.6096,534841.1,2025-03-19 22:14:59.999,860460.00638,7812,291586.3,469211.61411,0
2025-03-19 22:15:00,1.6096,1.6138,1.5801,1.6135,616180.3,2025-03-19 22:29:59.999,985524.95007,8090,322599.9,516120.58772,0
2025-03-19 22:30:00,1.6137,1.6934,1.6082,1.6678,1651287.9,2025-03-19 22:44:59.999,2728349.81791,19570,947605.5,1565605.64741,0
2025-03-19 22:45:00,1.667,1.7498,1.6513,1.7386,1805026.6,2025-03-19 22:59:59.999,3085215.18706,21055,1022524.0,1746240.32463,0
2025-03-19 23:00:00,1.7385,1.78,1.714,1.7314,1577427.3,2025-03-19 23:14:59.999,2745908.88507,20444,837597.4,1458170.96209,0
2025-03-19 23:15:00,1.7313,1.76,1.7069,1.7346,1037773.9,2025-03-19 23:29:59.999,1799382.04115,14170,554864.5,962118.41162,0
2025-03-19 23:30:00,1.7351,1.7426,1.7215,1.7271,465817.1,2025-03-19 23:44:59.999,806939.4892,7315,188520.9,326667.11138,0
2025-03-19 23:45:00,1.7275,1.758,1.7181,1.7418,671663.1,2025-03-19 23:59:59.999,1167747.31677,9629,378166.2,657741.70264,0
2025-03-20 00:00:00,1.7418,1.7827,1.7241,1.7259,947384.8,2025-03-20 00:14:59.999,1659745.92383,14008,465770.3,817339.97029,0
2025-03-20 00:15:00,1.7254,1.8458,1.716,1.8186,1742010.9,2025-03-20 00:29:59.999,3106433.00765,22018,1042792.4,1862112.37259,0
2025-03-20 00:30:00,1.818,1.8291,1.77,1.7878,1110432.2,2025-03-20 00:44:59.999,2004140.53041,15248,402078.2,726308.36617,0
2025-03-20 00:45:00,1.7885,1.7932,1.7446,1.764,963338.4,2025-03-20 00:59:59.999,1698936.90425,15577,453340.6,799502.14235,0
2025-03-20 01:00:00,1.7637,1.7934,1.7448,1.779,794489.9,2025-03-20 01:14:59.999,1406300.16667,12624,407063.4,720765.1039,0
2025-03-20 01:15:00,1.779,1.7856,1.7536,1.7555,494400.6,2025-03-20 01:29:59.999,873975.92646,8169,214303.0,378898.40808,0
2025-03-20 01:30:00,1.7562,1.7573,1.705,1.7225,1174191.5,2025-03-20 01:44:59.999,2028502.92197,16819,498103.1,860590.55824,0
2025-03-20 01:45:00,1.7228,1.7368,1.6811,1.6955,879212.2,2025-03-20 01:59:59.999,1504381.80195,14737,407790.8,698517.64797,0
2025-03-20 02:00:00,1.6954,1.7346,1.6896,1.7074,888710.5,2025-03-20 02:14:59.999,1520395.16898,15003,455478.3,779701.72617,0
2025-03-20 02:15:00,1.7077,1.7128,1.6584,1.6854,860411.7,2025-03-20 02:29:59.999,1450888.39463,13977,396112.9,667923.27392,0
2025-03-20 02:30:00,1.6858,1.718,1.6682,1.7094,740208.3,2025-03-20 02:44:59.999,1254685.30942,12214,384389.5,652039.85791,0
2025-03-20 02:45:00,1.7092,1.7148,1.6741,1.703,693096.3,2025-03-20 02:59:59.999,1175433.54239,11474,337622.8,573086.16342,0
2025-03-20 03:00:00,1.7035,1.7129,1.6876,1.7056,303021.2,2025-03-20 03:14:59.999,514733.85433,6831,174610.7,296723.629,0
2025-03-20 03:15:00,1.7056,1.7105,1.6915,1.7037,323276.9,2025-03-20 03:29:59.999,549562.3806,7083,152498.5,259420.87666,0
2025-03-20 03:30:00,1.7038,1.7063,1.68,1.6862,407817.9,2025-03-20 03:44:59.999,689768.36998,8300,188949.6,319719.60009,0
2025-03-20 03:45:00,1.6864,1.7029,1.6806,1.6954,333819.0,2025-03-20 03:59:59.999,564873.60892,6255,181639.3,307560.11027,0
2025-03-20 04:00:00,1.6955,1.705,1.6624,1.6839,707955.5,2025-03-20 04:14:59.999,1191049.18292,10589,330178.7,555688.09842,0
2025-03-20 04:15:00,1.684,1.696,1.6691,1.6848,362933.5,2025-03-20 04:29:59.999,610985.85234,6701,169926.6,286252.67291,0
2025-03-20 04:30:00,1.6846,1.6846,1.6395,1.6655,742533.6,2025-03-20 04:44:59.999,1234096.37087,10898,358598.8,596322.00744,0
2025-03-20 04:45:00,1.6654,1.6832,1.6652,1.6826,368138.9,2025-03-20 04:59:59.999,616801.75965,5646,205774.9,344828.45695,0
2025-03-20 05:00:00,1.6825,1.75,1.673,1.7172,894740.8,2025-03-20 05:14:59.999,1529907.17808,13382,490930.7,839275.87081,0
2025-03-20 05:15:00,1.7168,1.7402,1.7136,1.729,609904.5,2025-03-20 05:29:59.999,1053313.5915,11892,303997.3,525202.80892,0
2025-03-20 05:30:00,1.729,1.7389,1.7062,1.7123,530428.5,2025-03-20 05:44:59.999,912892.36821,10492,240810.7,414637.56265,0
2025-03-20 05:45:00,1.7124,1.735,1.6788,1.6994,786162.8,2025-03-20 05:59:59.999,1342387.66872,12559,347676.6,594421.28081,0
2025-03-20 06:00:00,1.6997,1.73,1.6945,1.7052,593703.6,2025-03-20 06:14:59.999,1016737.58736,10704,302247.4,517817.81669,0
2025-03-20 06:15:00,1.7052,1.708,1.6851,1.689,287067.7,2025-03-20 06:29:59.999,487464.85914,6269,150710.4,256061.96128,0
2025-03-20 06:30:00,1.69,1.7037,1.6821,1.693,280044.9,2025-03-20 06:44:59.999,473336.08249,6653,142404.6,240829.71696,0
2025-03-20 06:45:00,1.6926,1.6968,1.68,1.684,299594.6,2025-03-20 06:59:59.999,505770.48762,5189,133689.2,225772.42218,0
2025-03-20 07:00:00,1.6838,1.6941,1.65,1.6772,823187.8,2025-03-20 07:14:59.999,1379810.87446,12451,396497.2,665352.38059,0
2025-03-20 07:15:00,1.677,1.6826,1.6644,1.6689,475109.2,2025-03-20 07:29:59.999,794563.8515,8247,245836.5,411290.73937,0
2025-03-20 07:30:00,1.6687,1.6896,1.6617,1.6789,655615.6,2025-03-20 07:44:59.999,1099770.76898,11325,341156.5,572775.18389,0
2025-03-20 07:45:00,1.6807,1.69,1.6747,1.6853,319384.3,2025-03-20 07:59:59.999,537481.26207,5804,184387.1,310417.49455,0
2025-03-20 08:00:00,1.6843,1.7063,1.6773,1.687,696561.6,2025-03-20 08:14:59.999,1177323.03224,10598,385629.2,652095.6183,0
2025-03-20 08:15:00,1.6878,1.7174,1.6781,1.7009,567900.6,2025-03-20 08:29:59.999,965827.63407,9552,294478.8,501177.81832,0
2025-03-20 08:30:00,1.701,1.7067,1.6696,1.6838,481797.5,2025-03-20 08:44:59.999,814127.69768,9264,219102.1,370379.653,0
2025-03-20 08:45:00,1.6839,1.8445,1.674,1.7894,3314775.7,2025-03-20 08:59:59.999,5866030.59326,39306,1726630.7,3053484.56569,0
2025-03-20 09:00:00,1.7894,1.896,1.7855,1.8485,3634146.0,2025-03-20 09:14:59.999,6702742.21195,43466,1959580.4,3615409.40941,0
2025-03-20 09:15:00,1.8488,1.8834,1.8122,1.831,1809875.0,2025-03-20 09:29:59.999,3331171.48223,29769,860406.0,1584302.92389,0
2025-03-20 09:30:00,1.8311,1.8324,1.7794,1.8135,1160127.4,2025-03-20 09:44:59.999,2101566.04599,19766,504812.5,915687.74717,0
2025-03-20 09:45:00,1.8136,1.8318,1.7851,1.795,969832.9,2025-03-20 09:59:59.999,1754304.6354,15158,490297.9,887330.92773,0
2025-03-20 10:00:00,1.7955,1.8278,1.7921,1.8178,807672.3,2025-03-20 10:14:59.999,1462134.02192,14394,479859.7,868742.27607,0
2025-03-20 10:15:00,1.8178,1.8545,1.8109,1.8402,1329275.5,2025-03-20 10:29:59.999,2437533.76964,21424,709691.4,1301696.08794,0
2025-03-20 10:30:00,1.8404,1.864,1.833,1.8512,1120204.8,2025-03-20 10:44:59.999,2071981.30109,17873,592179.6,1095897.78004,0
2025-03-20 10:45:00,1.8513,1.8559,1.8208,1.8288,701528.7,2025-03-20 10:59:59.999,1287361.37985,11783,328482.2,603173.29207,0
2025-03-20 11:00:00,1.8291,1.8537,1.8277,1.8418,374606.6,2025-03-20 11:14:59.999,690186.93522,6640,197253.8,363480.99022,0
2025-03-20 11:15:00,1.8422,1.8792,1.8391,1.8619,879056.7,2025-03-20 11:29:59.999,1635033.50331,12994,519667.3,966356.0181,0
2025-03-20 11:30:00,1.8619,1.9183,1.8456,1.9042,2841339.5,2025-03-20 11:44:59.999,5362603.75407,33119,1564293.8,2954686.43721,0
2025-03-20 11:45:00,1.9053,1.9819,1.875,1.9694,4248609.8,2025-03-20 11:59:59.999,8199934.09346,59963,2363724.3,4568301.50904,0
2025-03-20 12:00:00,1.9696,1.993,1.9045,1.9134,5230502.6,2025-03-20 12:14:59.999,10219642.48792,63343,2551179.2,4987723.53968,0
2025-03-20 12:15:00,1.9137,1.9461,1.9,1.9377,2295009.2,2025-03-20 12:29:59.999,4419695.70135,27686,1254259.8,2416535.26096,0
2025-03-20 12:30:00,1.9384,1.958,1.8818,1.8956,2589353.8,2025-03-20 12:44:59.999,4976259.72122,33839,1133155.9,2182042.75823,0
2025-03-20 12:45:00,1.8958,1.9271,1.893,1.9036,1519118.0,2025-03-20 12:59:59.999,2898929.26093,19868,777353.3,1484082.18682,0
2025-03-20 13:00:00,1.9039,1.9347,1.8835,1.9206,1608657.8,2025-03-20 13:14:59.999,3073007.31516,22218,831769.4,1589621.54318,0
2025-03-20 13:15:00,1.9204,1.93,1.8893,1.9038,1325276.0,2025-03-20 13:29:59.999,2533120.05642,16314,590232.3,1128983.63939,0
2025-03-20 13:30:00,1.9031,1.9193,1.8501,1.8553,2263700.2,2025-03-20 13:44:59.999,4261280.62339,24988,1016276.2,1915540.49236,0
2025-03-20 13:45:00,1.8557,1.8668,1.8151,1.8226,2865574.1,2025-03-20 13:59:59.999,5258903.43448,34567,1409170.2,2586372.03676,0
2025-03-20 14:00:00,1.8228,1.8491,1.7906,1.839,1991870.0,2025-03-20 14:14:59.999,3621168.42442,22965,1076401.9,1958922.79318,0
2025-03-20 14:15:00,1.8389,1.8903,1.8309,1.8754,1508290.3,2025-03-20 14:29:59.999,2807630.25719,20768,802414.9,1493875.16063,0
2025-03-20 14:30:00,1.8754,1.88,1.8386,1.8415,962270.7,2025-03-20 14:44:59.999,1782397.83082,10020,452756.9,839133.06811,0
2025-03-20 14:45:00,1.8412,1.8727,1.8372,1.8498,673982.4,2025-03-20 14:59:59.999,1250431.81355,8117,375370.6,696640.89046,0
2025-03-20 15:00:00,1.8498,1.8888,1.8364,1.8614,1260368.9,2025-03-20 15:14:59.999,2348480.76223,14024,618886.5,1154324.47099,0
2025-03-20 15:15:00,1.8614,1.8713,1.844,1.859,651451.3,2025-03-20 15:29:59.999,1210083.33581,8094,315081.8,585604.87849,0
2025-03-20 15:30:00,1.859,1.8609,1.8312,1.8386,689574.5,2025-03-20 15:44:59.999,1270810.17516,8393,339751.5,626209.38441,0
2025-03-20 15:45:00,1.8393,1.8485,1.82,1.8436,710592.7,2025-03-20 15:59:59.999,1302299.09719,9462,375498.3,688215.76334,0
2025-03-20 16:00:00,1.8436,1.8774,1.8376,1.8658,661163.5,2025-03-20 16:14:59.999,1227664.7439,8316,334431.6,621171.55555,0
2025-03-20 16:15:00,1.8658,1.8983,1.85,1.8734,942910.0,2025-03-20 16:29:59.999,1767640.10879,12079,505877.6,949052.19254,0
2025-03-20 16:30:00,1.8724,1.88,1.8498,1.8611,618842.7,2025-03-20 16:44:59.999,1153346.75535,9106,295319.5,550456.3464,0
2025-03-20 16:45:00,1.8611,1.874,1.8458,1.8486,430234.4,2025-03-20 16:59:59.999,799719.29899,6282,187384.7,348581.59761,0
2025-03-20 17:00:00,1.8487,1.8782,1.845,1.8719,514910.8,2025-03-20 17:14:59.999,959811.84359,6804,238633.9,444837.09424,0
2025-03-20 17:15:00,1.8723,1.8726,1.821,1.8314,751431.2,2025-03-20 17:29:59.999,1384320.55737,7710,371310.8,683541.51734,0
2025-03-20 17:30:00,1.8318,1.8544,1.8129,1.8394,653461.9,2025-03-20 17:44:59.999,1197665.02649,8254,337100.1,617954.93305,0
2025-03-20 17:45:00,1.8392,1.8457,1.8204,1.8246,321686.0,2025-03-20 17:59:59.999,587729.43899,4462,150869.0,275631.28149,0
2025-03-20 18:00:00,1.8246,1.8397,1.8021,1.8384,636674.0,2025-03-20 18:14:59.999,1156128.00186,7805,313379.7,569523.4217,0
2025-03-20 18:15:00,1.8388,1.8533,1.822,1.8272,514106.3,2025-03-20 18:29:59.999,945100.95325,7166,226657.4,416654.80999,0
2025-03-20 18:30:00,1.8266,1.842,1.8169,1.8188,435133.1,2025-03-20 18:44:59.999,794810.05198,5789,232107.2,424107.78164,0
2025-03-20 18:45:00,1.8188,1.8292,1.8143,1.8184,167639.3,2025-03-20 18:59:59.999,305605.00626,2675,82634.6,150661.85731,0
2025-03-20 19:00:00,1.8183,1.8247,1.7398,1.7563,1580154.9,2025-03-20 19:14:59.999,2808014.20801,15678,579527.9,1031232.53346,0
2025-03-20 19:15:00,1.7569,1.7855,1.7503,1.7804,801464.7,2025-03-20 19:29:59.999,1419461.81947,9816,483594.3,856957.69769,0
2025-03-20 19:30:00,1.7801,1.794,1.7755,1.7931,400536.0,2025-03-20 19:44:59.999,715102.92423,4423,236007.4,421469.42643,0
2025-03-20 19:45:00,1.7932,1.7943,1.7766,1.7856,278098.5,2025-03-20 19:59:59.999,496960.10627,4649,132787.1,237288.55346,0
2025-03-20 20:00:00,1.7856,1.8242,1.7465,1.7617,1175121.6,2025-03-20 20:14:59.999,2091288.66967,13635,574881.7,1024192.82694,0
2025-03-20 20:15:00,1.7616,1.8741,1.7596,1.8549,999930.8,2025-03-20 20:29:59.999,1813276.28635,13770,566790.3,1028595.08153,0
2025-03-20 20:30:00,1.8547,1.9344,1.8403,1.91,3272185.9,2025-03-20 20:44:59.999,6184175.01752,44189,1746761.3,3304469.56575,0
2025-03-20 20:45:00,1.9097,1.9185,1.8804,1.8932,1572973.9,2025-03-20 20:59:59.999,2982903.2951,22952,788203.5,1494908.19582,0
2025-03-20 21:00:00,1.8924,1.9575,1.8887,1.925,3197275.8,2025-03-20 21:14:59.999,6179356.58647,39990,1746988.1,3377961.40338,0
2025-03-20 21:15:00,1.9251,1.9554,1.9,1.9496,2006650.5,2025-03-20 21:29:59.999,3863942.28753,33866,1081506.8,2083804.43428,0
2025-03-20 21:30:00,1.9502,1.9589,1.9059,1.9082,1467589.9,2025-03-20 21:44:59.999,2838878.12216,23004,675795.0,1308468.27258,0
2025-03-20 21:45:00,1.9087,1.9193,1.88,1.891,1557438.0,2025-03-20 21:59:59.999,2951725.60884,28551,745410.0,1412892.51692,0
2025-03-20 22:00:00,1.891,1.9526,1.8869,1.9217,2159412.6,2025-03-20 22:14:59.999,4167283.35946,36709,1064573.1,2054291.82011,0
2025-03-20 22:15:00,1.9216,1.9339,1.8953,1.8995,1309341.2,2025-03-20 22:29:59.999,2504764.68708,24042,698857.1,1337353.66669,0
2025-03-20 22:30:00,1.8995,1.9138,1.8806,1.9064,1469502.3,2025-03-20 22:44:59.999,2788593.33851,31268,775174.1,1471323.52322,0
2025-03-20 22:45:00,1.9065,1.9158,1.885,1.9054,1265116.5,2025-03-20 22:59:59.999,2405396.18,26830,600550.8,1142305.62797,0
2025-03-20 23:00:00,1.9054,1.927,1.8915,1.8977,1100852.5,2025-03-20 23:14:59.999,2102627.51761,26095,561803.4,1073591.80085,0
2025-03-20 23:15:00,1.8973,1.9101,1.86,1.8621,1546787.2,2025-03-20 23:29:59.999,2910908.44229,30084,627092.7,1181062.05157,0
2025-03-20 23:30:00,1.8621,1.8926,1.8606,1.8854,605988.6,2025-03-20 23:44:59.999,1137728.11403,14541,359774.6,675638.20935,0
2025-03-20 23:45:00,1.8854,1.8953,1.8664,1.8717,641253.2,2025-03-20 23:59:59.999,1204725.76741,14795,283517.1,532703.62076,0
2025-03-21 00:00:00,1.8716,1.9482,1.8712,1.9175,2053033.2,2025-03-21 00:14:59.999,3942163.11094,38486,1092168.5,2095742.5669,0
2025-03-21 00:15:00,1.9176,1.9385,1.9003,1.9019,931145.7,2025-03-21 00:29:59.999,1784327.57072,22533,470362.5,901651.25484,0
2025-03-21 00:30:00,1.9017,1.9018,1.871,1.8769,1108878.3,2025-03-21 00:44:59.999,2087634.94488,23379,568143.3,1069472.43998,0
2025-03-21 00:45:00,1.8772,1.93,1.8507,1.9029,1442167.0,2025-03-21 00:59:59.999,2717944.26779,28311,756019.0,1425900.71495,0
2025-03-21 01:00:00,1.9027,1.938,1.8867,1.9142,1416449.4,2025-03-21 01:14:59.999,2716066.78709,30249,667215.3,1279795.49865,0
2025-03-21 01:15:00,1.9142,1.9236,1.89,1.8914,706719.9,2025-03-21 01:29:59.999,1349563.63333,15290,311953.3,596332.74993,0
2025-03-21 01:30:00,1.8915,1.9026,1.8752,1.8914,924934.4,2025-03-21 01:44:59.999,1744921.84658,19907,494315.4,932786.93942,0
2025-03-21 01:45:00,1.8913,1.892,1.8704,1.8858,455227.0,2025-03-21 01:59:59.999,856753.78202,11700,199960.6,376376.82121,0
2025-03-21 02:00:00,1.8858,1.8866,1.8513,1.8577,933413.2,2025-03-21 02:14:59.999,1742672.20919,17426,387956.3,724487.03709,0
2025-03-21 02:15:00,1.8578,1.87,1.8443,1.8506,581302.9,2025-03-21 02:29:59.999,1080375.92039,12608,282581.2,525720.53581,0
2025-03-21 02:30:00,1.8506,1.865,1.8434,1.8592,508507.7,2025-03-21 02:44:59.999,942549.15271,11012,271635.5,503677.61923,0
2025-03-21 02:45:00,1.8591,1.8685,1.8302,1.8348,839285.8,2025-03-21 02:59:59.999,1547008.02374,16511,366566.4,675937.98968,0
2025-03-21 03:00:00,1.8349,1.8375,1.823,1.8242,832878.3,2025-03-21 03:14:59.999,1523562.45436,13929,425867.9,778967.91629,0
2025-03-21 03:15:00,1.8243,1.83,1.812,1.8281,824173.8,2025-03-21 03:29:59.999,1502020.6198,14557,391270.7,713410.58817,0
2025-03-21 03:30:00,1.8281,1.8544,1.8174,1.8467,857540.7,2025-03-21 03:44:59.999,1573639.55783,17136,530190.3,973061.71502,0
2025-03-21 03:45:00,1.8465,1.8532,1.8314,1.84,418975.6,2025-03-21 03:59:59.999,771656.0557,10317,222712.6,410146.62897,0
2025-03-21 04:00:00,1.8399,1.84,1.8015,1.8147,935912.3,2025-03-21 04:14:59.999,1699644.38875,17423,393193.1,714273.02032,0
2025-03-21 04:15:00,1.8147,1.8267,1.8119,1.8153,397660.3,2025-03-21 04:29:59.999,723203.67661,9992,208716.3,379607.76882,0
2025-03-21 04:30:00,1.8154,1.8369,1.8059,1.8222,526360.3,2025-03-21 04:44:59.999,958051.66897,13202,297290.0,541427.64467,0
2025-03-21 04:45:00,1.8222,1.8397,1.8129,1.8176,566047.7,2025-03-21 04:59:59.999,1034004.05624,12999,279197.7,509967.8946,0
2025-03-21 05:00:00,1.8174,1.8178,1.7806,1.7937,1216340.1,2025-03-21 05:14:59.999,2185720.72459,18935,492957.1,886645.50436,0
2025-03-21 05:15:00,1.7934,1.7939,1.774,1.788,603095.9,2025-03-21 05:29:59.999,1076835.88084,12180,290036.8,518088.15718,0
2025-03-21 05:30:00,1.788,1.7919,1.7769,1.7847,409766.5,2025-03-21 05:44:59.999,730942.8228,9018,228540.1,407675.53237,0
2025-03-21 05:45:00,1.7849,1.7908,1.775,1.7782,425838.2,2025-03-21 05:59:59.999,759185.96023,9281,235014.1,419050.08107,0
2025-03-21 06:00:00,1.7782,1.7793,1.765,1.768,768168.7,2025-03-21 06:14:59.999,1360439.57341,13630,309101.1,547463.38804,0
2025-03-21 06:15:00,1.7679,1.772,1.7577,1.7624,516530.0,2025-03-21 06:29:59.999,911417.30191,9836,257435.1,454372.63176,0
2025-03-21 06:30:00,1.7623,1.7715,1.7542,1.7664,555051.7,2025-03-21 06:44:59.999,979002.83252,10834,323867.2,571394.45791,0
2025-03-21 06:45:00,1.7662,1.7819,1.7552,1.7706,753643.5,2025-03-21 06:59:59.999,1332557.48341,14321,439483.1,777276.47892,0
2025-03-21 07:00:00,1.7704,1.7835,1.7507,1.7566,658538.5,2025-03-21 07:14:59.999,1164265.73429,14270,321916.1,569717.62753,0
2025-03-21 07:15:00,1.757,1.7828,1.7513,1.7768,678845.1,2025-03-21 07:29:59.999,1197932.62113,15138,384101.4,678283.11865,0
2025-03-21 07:30:00,1.7765,1.847,1.772,1.7919,1609366.9,2025-03-21 07:44:59.999,2907051.06965,29480,837949.1,1513980.27373,0
2025-03-21 07:45:00,1.7919,1.7963,1.7613,1.7809,677924.7,2025-03-21 07:59:59.999,1206795.36456,15468,322402.6,574196.19055,0
2025-03-21 08:00:00,1.7809,1.7944,1.755,1.7645,1074535.7,2025-03-21 08:14:59.999,1902986.17698,20251,552560.6,978627.20739,0
2025-03-21 08:15:00,1.7642,1.7642,1.7048,1.7122,1971388.0,2025-03-21 08:29:59.999,3412069.62036,31942,777169.7,1344025.14859,0
2025-03-21 08:30:00,1.7121,1.7198,1.6892,1.7149,1476410.4,2025-03-21 08:44:59.999,2515146.1826,20966,784972.5,1337751.09507,0
2025-03-21 08:45:00,1.7148,1.7234,1.7014,1.7025,889510.1,2025-03-21 08:59:59.999,1523188.85328,13358,453351.2,776623.42451,0
2025-03-21 09:00:00,1.7027,1.7196,1.6985,1.7046,846071.7,2025-03-21 09:14:59.999,1445010.14806,13931,447042.9,763710.60648,0
2025-03-21 09:15:00,1.7046,1.7181,1.6864,1.7096,707885.2,2025-03-21 09:29:59.999,1206259.63822,11986,385442.1,657553.12053,0
2025-03-21 09:30:00,1.7096,1.7234,1.6963,1.697,615458.4,2025-03-21 09:44:59.999,1052391.04619,11726,319765.5,547229.25199,0
2025-03-21 09:45:00,1.697,1.7046,1.6801,1.6902,854486.5,2025-03-21 09:59:59.999,1443334.88134,15373,383729.9,648133.67029,0
2025-03-21 10:00:00,1.6902,1.7051,1.6716,1.7028,1003973.5,2025-03-21 10:14:59.999,1694155.76745,17779,570440.6,963225.99198,0
2025-03-21 10:15:00,1.7021,1.7071,1.6845,1.7015,693962.8,2025-03-21 10:29:59.999,1179233.90207,17098,321403.8,546195.56042,0
2025-03-21 10:30:00,1.7014,1.7378,1.6932,1.7281,912612.1,2025-03-21 10:44:59.999,1560755.61662,18576,569045.8,973721.51563,0
2025-03-21 10:45:00,1.7282,1.8305,1.7282,1.789,3661700.5,2025-03-21 10:59:59.999,6564142.09498,61504,2008788.9,3599694.67144,0
2025-03-21 11:00:00,1.789,1.8153,1.789,1.7921,1046159.9,2025-03-21 11:14:59.999,1884519.49829,23875,528328.3,951963.2836,0
2025-03-21 11:15:00,1.7922,1.7993,1.756,1.7641,1046067.5,2025-03-21 11:29:59.999,1858305.452,22457,429544.9,763213.04292,0
2025-03-21 11:30:00,1.7636,1.7663,1.735,1.7559,906077.7,2025-03-21 11:44:59.999,1588532.99218,16459,428158.0,750900.08878,0
2025-03-21 11:45:00,1.7561,1.7686,1.7518,1.7596,457961.6,2025-03-21 11:59:59.999,806275.33488,10200,228657.1,402678.92548,0
2025-03-21 12:00:00,1.7596,1.8052,1.7596,1.7996,864308.7,2025-03-21 12:14:59.999,1541889.58295,17718,501194.5,893854.55701,0
2025-03-21 12:15:00,1.7991,1.8117,1.7881,1.808,535980.7,2025-03-21 12:29:59.999,964800.52964,12946,286843.6,516452.85431,0
2025-03-21 12:30:00,1.8079,1.8272,1.8001,1.8231,775767.3,2025-03-21 12:44:59.999,1407323.47249,17158,379148.3,687881.60721,0
2025-03-21 12:45:00,1.8231,1.826,1.7938,1.8157,634265.3,2025-03-21 12:59:59.999,1149068.13513,14176,275808.2,499700.34188,0
2025-03-21 13:00:00,1.8157,1.822,1.7989,1.7995,418854.4,2025-03-21 13:14:59.999,759071.63953,11715,204237.5,370343.35076,0
2025-03-21 13:15:00,1.7994,1.818,1.793,1.8091,399188.5,2025-03-21 13:29:59.999,719768.45876,11694,209363.9,377735.98316,0
2025-03-21 13:30:00,1.809,1.8254,1.7852,1.7853,569459.9,2025-03-21 13:44:59.999,1028346.50408,12958,252218.6,455722.77546,0
2025-03-21 13:45:00,1.786,1.7995,1.7832,1.7903,356997.5,2025-03-21 13:59:59.999,639879.43926,9689,193591.0,347066.06091,0
2025-03-21 14:00:00,1.7901,1.8217,1.7879,1.7986,658599.4,2025-03-21 14:14:59.999,1192185.02646,16239,329935.3,596951.23748,0
2025-03-21 14:15:00,1.798,1.8449,1.7894,1.8043,924930.9,2025-03-21 14:29:59.999,1683261.11716,20709,492084.8,895464.08938,0
2025-03-21 14:30:00,1.8036,1.8109,1.785,1.8055,876802.5,2025-03-21 14:44:59.999,1576318.84351,14474,487772.8,876887.33848,0
2025-03-21 14:45:00,1.8054,1.8277,1.7974,1.8171,535464.7,2025-03-21 14:59:59.999,970224.45905,12062,265681.8,481334.47881,0
2025-03-21 15:00:00,1.8171,1.85,1.815,1.8263,774599.2,2025-03-21 15:14:59.999,1421347.49818,16695,365562.6,670619.81398,0
2025-03-21 15:15:00,1.8265,1.8357,1.792,1.8056,611938.5,2025-03-21 15:29:59.999,1108128.69819,13205,324040.5,586698.80068,0
2025-03-21 15:30:00,1.8055,1.846,1.7723,1.8245,1318778.5,2025-03-21 15:44:59.999,2388542.28522,24777,608889.3,1101986.05399,0
2025-03-21 15:45:00,1.8237,1.8389,1.7916,1.8271,777895.3,2025-03-21 15:59:59.999,1411978.15616,15089,414130.3,751797.20681,0
2025-03-21 16:00:00,1.8271,1.845,1.8141,1.8214,661561.9,2025-03-21 16:14:59.999,1210180.87125,14108,312946.4,572594.06155,0
2025-03-21 16:15:00,1.8213,1.8307,1.8059,1.8285,438279.6,2025-03-21 16:29:59.999,797854.53512,10116,214561.9,390584.54456,0
2025-03-21 16:30:00,1.829,1.8639,1.829,1.8372,903100.4,2025-03-21 16:44:59.999,1665592.31473,16468,508974.8,938796.90874,0
2025-03-21 16:45:00,1.837,1.8472,1.8271,1.8385,364816.4,2025-03-21 16:59:59.999,669377.90476,9420,213016.6,390884.6107,0
2025-03-21 17:00:00,1.8383,1.8498,1.8205,1.8216,449911.6,2025-03-21 17:14:59.999,826036.08273,11389,242359.4,444855.2475,0
2025-03-21 17:15:00,1.8215,1.8253,1.8064,1.8123,359189.1,2025-03-21 17:29:59.999,651921.9718,9559,190488.8,345821.41559,0
2025-03-21 17:30:00,1.8122,1.8299,1.8093,1.8299,206106.5,2025-03-21 17:44:59.999,375411.88912,5850,110539.8,201366.33709,0
2025-03-21 17:45:00,1.8297,1.83,1.8036,1.807,260258.7,2025-03-21 17:59:59.999,471310.90215,7021,127913.6,231483.49043,0
2025-03-21 18:00:00,1.8071,1.8727,1.803,1.8622,1167231.1,2025-03-21 18:14:59.999,2162519.49095,21265,591123.8,1094718.24656,0
2025-03-21 18:15:00,1.8625,1.8708,1.8333,1.838,555613.3,2025-03-21 18:29:59.999,1025623.55996,12681,263107.0,485352.64827,0
2025-03-21 18:30:00,1.838,1.8668,1.8305,1.8575,366681.3,2025-03-21 18:44:59.999,677785.84576,9943,197436.0,364751.12234,0
2025-03-21 18:45:00,1.8575,1.8626,1.8422,1.8597,269483.5,2025-03-21 18:59:59.999,498918.28069,6916,150872.3,279331.57383,0
2025-03-21 19:00:00,1.8597,1.8777,1.8544,1.8708,447240.6,2025-03-21 19:14:59.999,834737.01126,9781,247738.3,462457.86186,0
2025-03-21 19:15:00,1.8707,1.8767,1.8539,1.8568,250201.2,2025-03-21 19:29:59.999,466397.68547,7188,113237.4,211171.73881,0
2025-03-21 19:30:00,1.8567,1.8567,1.8245,1.8264,474017.3,2025-03-21 19:44:59.999,871642.27,9730,217917.1,400710.23534,0
2025-03-21 19:45:00,1.8263,1.8492,1.8169,1.8328,333957.7,2025-03-21 19:59:59.999,611795.52721,7905,204866.6,375397.8836,0
2025-03-21 20:00:00,1.8329,1.8547,1.8299,1.8471,318291.4,2025-03-21 20:14:59.999,587233.27271,7922,162574.5,299756.97813,0
2025-03-21 20:15:00,1.847,1.865,1.8375,1.8631,340004.1,2025-03-21 20:29:59.999,629279.41104,7617,182930.4,338611.69863,0
2025-03-21 20:30:00,1.8631,1.88,1.8566,1.8678,734391.9,2025-03-21 20:44:59.999,1374038.87344,13158,386219.9,722762.7302,0
2025-03-21 20:45:00,1.8678,1.8678,1.8461,1.8518,311412.9,2025-03-21 20:59:59.999,577893.73329,7747,150129.4,278565.54673,0
2025-03-21 21:00:00,1.8512,1.8638,1.8446,1.8564,266432.1,2025-03-21 21:14:59.999,494449.76301,6218,125245.2,232472.95445,0
2025-03-21 21:15:00,1.8563,1.8588,1.8401,1.8408,169354.7,2025-03-21 21:29:59.999,313369.1037,4024,84962.3,157250.95506,0
2025-03-21 21:30:00,1.8406,1.8559,1.84,1.8471,198545.9,2025-03-21 21:44:59.999,366643.40472,3893,110532.0,204164.92925,0
2025-03-21 21:45:00,1.8468,1.866,1.841,1.8577,248214.4,2025-03-21 21:59:59.999,460336.15204,4672,127767.3,236723.52704,0
2025-03-21 22:00:00,1.8578,1.8784,1.8568,1.8772,462600.5,2025-03-21 22:14:59.999,865325.98257,10742,196651.6,367721.02262,0
2025-03-21 22:15:00,1.8773,1.8773,1.8527,1.8548,223604.0,2025-03-21 22:29:59.999,417043.63931,5217,93725.5,174823.31352,0
2025-03-21 22:30:00,1.8548,1.8626,1.8522,1.8536,177773.1,2025-03-21 22:44:59.999,330030.16558,4369,104347.9,193727.44489,0
2025-03-21 22:45:00,1.8534,1.856,1.8288,1.8291,287859.1,2025-03-21 22:59:59.999,530424.70677,5649,142305.6,262150.56421,0
2025-03-21 23:00:00,1.829,1.8407,1.8205,1.8234,457543.2,2025-03-21 23:14:59.999,836219.43252,9308,256029.2,468043.29427,0
2025-03-21 23:15:00,1.8235,1.8384,1.8142,1.8322,271674.1,2025-03-21 23:29:59.999,495639.72339,6586,145686.2,265739.12423,0
2025-03-21 23:30:00,1.832,1.8366,1.8163,1.8357,305721.8,2025-03-21 23:44:59.999,557699.04134,6700,150929.0,275433.51672,0
2025-03-21 23:45:00,1.8355,1.8365,1.8227,1.8325,182173.0,2025-03-21 23:59:59.999,333043.83358,5615,83827.0,153265.85269,0
2025-03-22 00:00:00,1.8324,1.8504,1.8324,1.8497,326490.4,2025-03-22 00:14:59.999,601920.33641,6209,168990.1,311511.61102,0
2025-03-22 00:15:00,1.8498,1.8782,1.8498,1.8711,686597.5,2025-03-22 00:29:59.999,1282482.44698,10562,304650.4,568923.09294,0
2025-03-22 00:30:00,1.871,1.8797,1.8635,1.8709,393244.5,2025-03-22 00:44:59.999,736017.02512,8005,189289.3,354382.96894,0
2025-03-22 00:45:00,1.8712,1.9071,1.8567,1.9057,818058.6,2025-03-22 00:59:59.999,1542949.16138,14387,481263.4,908476.9311,0
2025-03-22 01:00:00,1.9054,1.91,1.8792,1.8831,606248.7,2025-03-22 01:14:59.999,1146940.25464,11865,289100.4,546791.93382,0
2025-03-22 01:15:00,1.8831,1.8836,1.842,1.8424,398571.1,2025-03-22 01:29:59.999,742147.56914,8581,147487.4,274784.32457,0
2025-03-22 01:30:00,1.8425,1.8638,1.8416,1.8537,343497.4,2025-03-22 01:44:59.999,636085.41236,8000,202989.7,375921.48219,0
2025-03-22 01:45:00,1.8538,1.8682,1.8345,1.8417,336683.2,2025-03-22 01:59:59.999,623445.53267,7239,154198.2,285769.72111,0
2025-03-22 02:00:00,1.8417,1.8425,1.8085,1.8098,674630.0,2025-03-22 02:14:59.999,1229087.88306,11179,297324.5,541495.16233,0
2025-03-22 02:15:00,1.8099,1.82,1.8002,1.8165,521637.2,2025-03-22 02:29:59.999,944250.49825,8409,278718.2,504774.79623,0
2025-03-22 02:30:00,1.8166,1.8244,1.8136,1.8236,213979.2,2025-03-22 02:44:59.999,388864.38225,4310,113376.0,206055.72602,0
2025-03-22 02:45:00,1.8235,1.86,1.8211,1.8409,520051.0,2025-03-22 02:59:59.999,960463.70696,9562,249658.6,460748.68357,0
2025-03-22 03:00:00,1.8409,1.85,1.8372,1.8451,285395.2,2025-03-22 03:14:59.999,526017.62982,5865,167608.2,308926.12606,0
2025-03-22 03:15:00,1.845,1.8523,1.828,1.8416,370993.3,2025-03-22 03:29:59.999,682732.96487,7325,181396.5,333719.26389,0
2025-03-22 03:30:00,1.8416,1.86,1.8415,1.8522,341084.7,2025-03-22 03:44:59.999,632212.52552,8180,166756.0,309101.92554,0
2025-03-22 03:45:00,1.8521,1.8568,1.8381,1.8494,281714.7,2025-03-22 03:59:59.999,520839.85397,6521,139613.7,258174.85857,0
2025-03-22 04:00:00,1.8493,1.874,1.8493,1.8564,431094.7,2025-03-22 04:14:59.999,802753.35657,8188,221176.8,411818.72448,0
2025-03-22 04:15:00,1.8564,1.8669,1.8503,1.858,173536.9,2025-03-22 04:29:59.999,322272.58615,5006,87660.3,162807.82276,0
2025-03-22 04:30:00,1.8579,1.864,1.8478,1.863,119953.3,2025-03-22 04:44:59.999,222536.12856,3505,60538.4,112354.18194,0
2025-03-22 04:45:00,1.8631,1.8978,1.8625,1.8933,524410.1,2025-03-22 04:59:59.999,987334.46255,8686,305470.4,574879.0668,0
2025-03-22 05:00:00,1.8933,1.8959,1.862,1.8779,537431.9,2025-03-22 05:14:59.999,1010904.53096,10256,213126.1,400838.01628,0
2025-03-22 05:15:00,1.8778,1.8911,1.8659,1.8717,307508.6,2025-03-22 05:29:59.999,578144.26551,6753,137869.8,259454.61922,0
2025-03-22 05:30:00,1.8717,1.8831,1.8517,1.8549,345729.8,2025-03-22 05:44:59.999,644460.32346,7070,146516.4,273230.1811,0
2025-03-22 05:45:00,1.8548,1.8622,1.8482,1.8508,232486.6,2025-03-22 05:59:59.999,430993.10247,5231,133772.5,248057.99391,0
2025-03-22 06:00:00,1.8509,1.8516,1.8383,1.8392,270460.0,2025-03-22 06:14:59.999,499219.99002,5752,146865.0,271094.79735,0
2025-03-22 06:15:00,1.8391,1.8421,1.83,1.8361,329230.8,2025-03-22 06:29:59.999,604132.0834,5650,174509.4,320244.85138,0
2025-03-22 06:30:00,1.8362,1.8442,1.8315,1.8338,258109.2,2025-03-22 06:44:59.999,474340.62157,4844,153377.8,281870.97793,0
2025-03-22 06:45:00,1.8338,1.8543,1.8328,1.8433,256988.5,2025-03-22 06:59:59.999,473541.29905,6491,162469.9,299286.02106,0
2025-03-22 07:00:00,1.8433,1.8531,1.835,1.8385,222456.2,2025-03-22 07:14:59.999,410293.21659,5274,124948.3,230488.14058,0
2025-03-22 07:15:00,1.8385,1.8391,1.834,1.836,144613.0,2025-03-22 07:29:59.999,265549.9185,3100,69133.6,126948.09116,0
2025-03-22 07:30:00,1.8359,1.852,1.8344,1.8402,294813.9,2025-03-22 07:44:59.999,542460.25719,4119,158397.0,291501.52044,0
2025-03-22 07:45:00,1.8401,1.8427,1.832,1.8355,151321.4,2025-03-22 07:59:59.999,277904.11371,2122,54754.4,100602.42091,0
2025-03-22 08:00:00,1.8355,1.8504,1.828,1.8376,312363.9,2025-03-22 08:14:59.999,574367.33285,5692,154658.1,284372.10611,0
2025-03-22 08:15:00,1.8376,1.8464,1.8331,1.8399,143670.1,2025-03-22 08:29:59.999,264231.02669,3391,79771.4,146706.14465,0
2025-03-22 08:30:00,1.8399,1.8498,1.8392,1.8424,162568.0,2025-03-22 08:44:59.999,299854.53545,3209,89501.3,165076.88066,0
2025-03-22 08:45:00,1.8427,1.8488,1.8373,1.8391,133195.3,2025-03-22 08:59:59.999,245351.16906,3638,73937.7,136171.85891,0
2025-03-22 09:00:00,1.8395,1.8422,1.8221,1.8241,253483.4,2025-03-22 09:14:59.999,464040.7728,4975,95866.9,175633.42211,0
2025-03-22 09:15:00,1.8242,1.853,1.8242,1.842,305141.5,2025-03-22 09:29:59.999,561688.20454,6463,172291.1,316976.75179,0
2025-03-22 09:30:00,1.8419,1.8475,1.8379,1.8412,164919.6,2025-03-22 09:44:59.999,303907.21844,4456,94561.7,174223.84184,0
2025-03-22 09:45:00,1.8412,1.8445,1.8302,1.8328,186132.2,2025-03-22 09:59:59.999,341839.64932,4615,95767.0,175865.4717,0
2025-03-22 10:00:00,1.8327,1.8399,1.826,1.8399,184359.0,2025-03-22 10:14:59.999,338063.1259,4342,108008.4,198062.7876,0
2025-03-22 10:15:00,1.8397,1.8428,1.8301,1.8358,144263.3,2025-03-22 10:29:59.999,264822.54892,3761,76276.1,140002.57944,0
2025-03-22 10:30:00,1.8357,1.8387,1.8273,1.8352,168541.8,2025-03-22 10:44:59.999,308797.70059,3472,71737.0,131401.80219,0
2025-03-22 10:45:00,1.835,1.8384,1.8236,1.8253,157778.7,2025-03-22 10:59:59.999,288764.07023,3409,84783.7,155201.86708,0
2025-03-22 11:00:00,1.8253,1.8465,1.8195,1.8368,445397.2,2025-03-22 11:14:59.999,816445.60876,8156,227594.5,417321.08025,0
2025-03-22 11:15:00,1.8368,1.844,1.8295,1.8371,131341.4,2025-03-22 11:29:59.999,241273.16907,2954,73000.8,134103.63711,0
2025-03-22 11:30:00,1.837,1.837,1.8248,1.831,158723.9,2025-03-22 11:44:59.999,290508.66584,3325,87587.9,160295.69668,0
2025-03-22 11:45:00,1.8309,1.8357,1.8265,1.8349,99121.5,2025-03-22 11:59:59.999,181465.88139,2222,48380.0,88588.98529,0
2025-03-22 12:00:00,1.8349,1.8357,1.8213,1.8283,188095.0,2025-03-22 12:14:59.999,343683.98235,4430,107626.3,196630.32916,0
2025-03-22 12:15:00,1.8286,1.8333,1.8248,1.8307,115982.0,2025-03-22 12:29:59.999,212203.03158,3027,53227.0,97386.83441,0
2025-03-22 12:30:00,1.8308,1.8454,1.829,1.8388,266899.6,2025-03-22 12:44:59.999,490748.10566,5608,123913.6,227780.02507,0
2025-03-22 12:45:00,1.8389,1.8521,1.8364,1.8493,285676.3,2025-03-22 12:59:59.999,527091.61847,5582,168848.0,311508.80403,0
2025-03-22 13:00:00,1.8493,1.8766,1.849,1.8596,586624.9,2025-03-22 13:14:59.999,1093618.03542,10740,318372.9,593423.29022,0
2025-03-22 13:15:00,1.8597,1.8656,1.852,1.8589,253931.3,2025-03-22 13:29:59.999,472016.4224,5603,103303.1,192087.71531,0
2025-03-22 13:30:00,1.859,1.8605,1.8415,1.8505,234325.9,2025-03-22 13:44:59.999,433320.14504,5135,114261.4,211279.56804,0
2025-03-22 13:45:00,1.8509,1.872,1.8509,1.8606,217958.6,2025-03-22 13:59:59.999,406163.03061,4594,121014.1,225477.66421,0
2025-03-22 14:00:00,1.8608,1.8708,1.8545,1.8658,297444.7,2025-03-22 14:14:59.999,554261.87725,6296,145075.9,270533.7801,0
2025-03-22 14:15:00,1.8658,1.8841,1.8657,1.8734,435791.5,2025-03-22 14:29:59.999,817818.77698,8162,236132.9,443077.20979,0
2025-03-22 14:30:00,1.8734,1.8734,1.8519,1.8651,312742.6,2025-03-22 14:44:59.999,581903.17153,6901,169916.8,316142.96321,0
2025-03-22 14:45:00,1.8652,1.8834,1.8652,1.8724,290765.3,2025-03-22 14:59:59.999,545038.67168,6553,143506.5,268965.75992,0
2025-03-22 15:00:00,1.8723,1.8794,1.858,1.8596,269504.0,2025-03-22 15:14:59.999,503424.99977,6516,124513.3,232499.73147,0
2025-03-22 15:15:00,1.8596,1.8674,1.8539,1.8573,139323.7,2025-03-22 15:29:59.999,259205.61292,3903,76379.8,142105.7584,0
2025-03-22 15:30:00,1.8574,1.8736,1.8552,1.8726,178774.6,2025-03-22 15:44:59.999,333731.39457,4196,86447.3,161386.01013,0
2025-03-22 15:45:00,1.8727,1.8738,1.8624,1.8652,116897.5,2025-03-22 15:59:59.999,218280.40862,3006,61480.7,114812.53523,0
2025-03-22 16:00:00,1.8653,1.8689,1.854,1.8546,176601.4,2025-03-22 16:14:59.999,328706.2609,4133,90136.1,167789.1079,0
2025-03-22 16:15:00,1.8541,1.8648,1.8509,1.8608,182519.5,2025-03-22 16:29:59.999,339001.04477,4324,104320.5,193742.43533,0
2025-03-22 16:30:00,1.8606,1.8631,1.8537,1.8558,81431.0,2025-03-22 16:44:59.999,151318.90327,2406,39772.8,73930.36767,0
2025-03-22 16:45:00,1.8558,1.8603,1.8463,1.8506,160563.4,2025-03-22 16:59:59.999,297383.33004,3799,62321.1,115434.55281,0
2025-03-22 17:00:00,1.8506,1.8522,1.8406,1.8474,194602.8,2025-03-22 17:14:59.999,359182.03912,4163,108204.5,199736.95213,0
2025-03-22 17:15:00,1.8473,1.8478,1.8419,1.8419,140274.4,2025-03-22 17:29:59.999,258761.83944,2230,48118.8,88770.31625,0
2025-03-22 17:30:00,1.842,1.8443,1.8358,1.8404,143760.2,2025-03-22 17:44:59.999,264516.76627,3157,71456.2,131519.62682,0
2025-03-22 17:45:00,1.84,1.849,1.8386,1.8444,89205.0,2025-03-22 17:59:59.999,164563.00098,2320,60800.9,112161.47792,0
2025-03-22 18:00:00,1.8444,1.848,1.8387,1.8421,79777.6,2025-03-22 18:14:59.999,147052.93209,2087,39640.2,73048.75797,0
2025-03-22 18:15:00,1.8422,1.8427,1.8357,1.8371,68392.7,2025-03-22 18:29:59.999,125751.84258,1789,21185.3,38974.89962,0
2025-03-22 18:30:00,1.837,1.8399,1.835,1.8351,114061.1,2025-03-22 18:44:59.999,209536.66752,2802,65308.5,120002.25707,0
2025-03-22 18:45:00,1.8351,1.8406,1.8351,1.8391,74544.5,2025-03-22 18:59:59.999,136941.99861,2824,37217.5,68376.25086,0
2025-03-22 19:00:00,1.8391,1.8488,1.8353,1.8374,150517.7,2025-03-22 19:14:59.999,277193.53044,3853,65107.2,119924.25275,0
2025-03-22 19:15:00,1.8374,1.8381,1.8319,1.8355,98069.4,2025-03-22 19:29:59.999,179910.79228,2064,46171.8,84687.49652,0
2025-03-22 19:30:00,1.8354,1.8364,1.8289,1.8332,216899.7,2025-03-22 19:44:59.999,397273.6441,4346,94983.2,174021.86183,0
2025-03-22 19:45:00,1.8334,1.8378,1.8313,1.8347,55718.2,2025-03-22 19:59:59.999,102210.73462,1557,32230.1,59123.40066,0
2025-03-22 20:00:00,1.8347,1.8387,1.8299,1.8387,105164.5,2025-03-22 20:14:59.999,192823.13525,2190,60468.4,110909.1265,0
2025-03-22 20:15:00,1.8386,1.8422,1.8326,1.8412,67561.5,2025-03-22 20:29:59.999,124222.89675,2031,36916.3,67875.22833,0
